var_0,var_1,var_2,response
8.55508380789,0.543201748634,1.88335302993,5.48708161067
4.28147441497,0.346673510888,-1.9196963283,0.806226310481
1.8804765581,0.296276642652,4.15375948082,6.0132558437
2.29295931292,-0.67083912893,0.292524869904,1.7505093586
4.16534901236,0.170546597024,4.96277096908,7.51505585649
1.44782552583,0.112947334113,4.76962692582,6.22112500405
6.77577437984,-0.672229790473,0.13254609215,2.6734357866
9.37979768402,0.694409234004,-0.922891976858,2.93388787246
8.57058473731,-0.838155965451,-3.29308899866,-0.585394960936
9.23388116384,0.817294354962,-1.67509804601,2.30987964338
4.21229882328,0.884032207221,4.17060805544,7.4541427779
9.27168157566,0.946941866514,1.13315534305,5.28790203975
5.61855220186,0.00274092619042,-4.11854733904,-1.3905716525
3.72729076349,-0.471774106414,-1.45545292038,0.581306043876
2.32183195096,-0.383062426998,-3.24344359802,-1.63427894141
1.52302677599,0.535254131487,2.63414814828,4.50404521208
8.05955067884,0.883695217872,-3.06009552839,0.871857430941
9.0412568327,-0.544667653853,-3.61621328591,-0.728865780276
5.83730995542,-0.111990853599,-2.02328582702,0.666294533927
2.46414453824,-0.231275727644,4.69914091452,6.45286688657
7.6778854591,0.922592271287,-4.11085398744,-0.176991658264
5.13826257668,0.920715865987,3.26278910911,6.79255850629
5.69366693293,-0.0230628022474,-2.5854241926,0.13807148041
3.56716916695,-0.198468028367,1.50802663227,3.65127443918
3.98864994603,-0.2791946354,3.45347329011,5.66097700831
3.53664770677,0.0856004879658,-3.13885364616,-0.814545023519
8.57287712704,-0.488260793081,-3.00398922329,-0.142501845818
4.63931285429,-0.439385921444,-0.792042878979,1.47997181898
2.34484568469,-0.372016419593,1.45162463661,3.07654598557
7.3310643017,-0.0443117885747,-4.45191348341,-1.49004047069
8.28765224911,0.0713677772339,-2.08668782236,1.07879126532
6.916160765,-0.306583737628,-0.616067642599,2.12634729848
8.36275102361,-0.13123535235,-4.55034660731,-1.51350987589
3.13950256143,-0.343392324403,-2.61142201482,-0.679171840571
4.14330619023,0.767909778507,0.261056030929,3.38535102122
5.55417634283,-0.280539283319,-2.55337420013,-0.0155408469085
8.78554743111,-0.658350543728,0.782271872448,3.58898219709
9.00792478623,0.151730903656,-1.6573708068,1.65163541513
1.31298997001,0.858456287637,-1.66216119584,0.423242982728
1.2820085019,-0.820809004262,-1.56939122794,-0.754838843458
3.82817754199,-0.0563249795375,2.0374381839,4.34153783283
6.24823337248,-0.06342215618,-4.16013173371,-1.37084158444
8.77321420832,0.805372035362,0.461036444635,4.38033607986
7.32964043581,0.159116717143,-1.31245493279,1.79607482208
5.17472938201,0.660077316808,-3.62003611728,-0.396081767156
5.27518780864,-0.821977889795,-2.25389950489,-0.0252193220853
4.81605470682,0.679261639485,4.07736456124,7.25063963041
2.87490550964,-0.127164631697,-4.97742870289,-3.00577970105
9.79069649174,-0.484118782616,-3.43965323734,-0.44328701262
5.34698795009,-0.502812307253,-2.51999198725,-0.137728854619
2.04024839082,-0.87700111428,-2.9730104646,-1.71544081683
3.98382638014,0.48884426478,1.80801593628,4.59357892883
7.2437914854,-0.414685077291,-2.04206645904,0.688261528719
9.09559317018,0.531115430783,1.93811017803,5.59094621943
6.90575486716,-0.609161614982,4.58780271513,7.17573538109
2.74388361633,-0.36031899779,-4.80084261922,-3.01247600839
6.69627683449,-0.804433935338,-0.832646171599,1.64149220385
2.14677749828,-0.262467087914,3.52677749164,5.12440646484
6.49881325388,0.568275472156,-1.95420697001,1.40016271705
7.59176560446,-0.169919230434,-4.63637451932,-1.72041788791
6.29965325319,0.96735874912,-4.60884313289,-0.813090861813
1.56632618259,-0.487057398387,-0.676661075672,0.485550656652
3.52217813872,0.903556359691,3.23251444652,6.36226569482
5.05384462768,-0.0292442804122,-0.968861545872,1.6312211969
7.19168548459,-0.585986679082,-2.01800637858,0.621112750065
7.46150581137,-0.159877548404,-3.68464556392,-0.779787277511
3.12633744888,-0.662544553964,-1.56000313585,0.211622080863
9.72200608312,-0.880633914069,-2.3336672956,0.483853419102
8.73073084215,-0.744550189035,-0.539317510052,2.2243855052
2.43538004804,0.588515886283,0.979698439319,3.37350034326
4.77742115364,-0.680955642097,0.0484887862534,2.23614164345
6.28186794042,-0.46393616613,-2.63808267081,-0.075409797297
3.63422042923,-0.236284948173,4.26429174396,6.4036149267
4.12999056099,-0.752800071914,4.19062857955,6.20235433432
3.67794336683,-0.456959522084,3.25104838344,5.28192210855
4.73052840856,-0.136602581307,2.13326862252,4.59696433374
5.11917905805,-0.224705555565,-4.52357556759,-2.03481181688
4.36188527117,-0.483734264122,1.53096392212,3.71899249036
3.22977249715,0.471911689982,-4.96161981857,-2.40226204912
7.32547684623,0.801392979526,4.68338417593,8.4175254681
2.21983046555,-0.906446551132,-1.68835080479,-0.357422466393
7.57281025423,0.743268676269,-4.12850194945,-0.429973512818
4.80967652796,0.735294740345,-4.78036027243,-1.54499290251
2.44386114983,0.686813663502,2.01562349061,4.51892706967
4.58400441347,-0.18775600744,-0.2308989514,2.16964426062
2.63400548944,0.797778780179,-3.24089809775,-0.53396987667
7.9888388611,-0.152329100556,-3.41984559906,-0.442003524698
9.66201098883,-0.199693365623,-1.65357379736,1.48536361827
5.96551143715,-0.514242667035,-1.43078182061,1.05537335172
7.13930561493,0.0737447613888,-2.11014573938,0.907914721295
5.12706860393,-0.179695547706,-4.38867720146,-1.87125383486
9.50639636856,-0.242509059763,-4.29577596804,-1.19853711705
8.23967834989,-0.913578287611,-0.514793173447,2.1250348933
7.89849136789,0.817310351327,2.19948278525,6.02827233316
8.79133378548,0.689489953266,-0.49673454657,3.28974515568
7.94010829108,-0.558965360647,3.56127901649,6.31199471791
5.72172260417,-0.0565400014726,-0.580657801406,2.12517958534
6.05207998948,-0.998111171109,-3.13464203049,-0.8335849707
5.55649662207,-0.848984634314,-3.16836326473,-0.89822012923
3.04113681303,0.718341505545,-2.13076239883,0.626758552098
2.4552971229,0.7806625187,-3.97686537118,-1.3606979897
8.20197094685,-0.0638559129667,-4.65273819741,-1.59166000996
5.45265074117,0.434857800155,4.00160012665,7.04947957954
9.87175731725,-0.30935118008,2.34352501527,5.44020750914
5.7576904267,-0.722369164356,2.56017772419,4.91681544821
5.99866996579,0.284647595278,1.17904757144,4.18869802469
8.29537042431,0.572000900025,0.506950459798,4.10923195061
1.96882894513,0.781715198876,2.79304174147,5.18965422186
8.10194602986,0.895173146572,3.13448431806,7.08642168315
6.098537846,0.857976027767,-2.72696589336,0.893576911077
4.92009141763,0.0680543127828,-0.144543028466,2.49708602262
3.8823596222,0.497571021188,2.44372078299,5.21199844122
5.00932647145,-0.297686435803,3.22457875077,5.64943622216
9.00641205775,0.845516541769,-1.97061049375,2.02423427537
7.40134841358,0.346563100175,-1.48741016799,1.78577991784
6.26243913296,0.762816622902,2.2774786112,5.80884847227
3.42196576452,0.185145965714,-3.70762606034,-1.34047889211
9.12922839723,-0.917391694219,2.02843142841,4.7693780036
8.17927385969,0.0521836980477,-4.84835460747,-1.70991811866
1.43975499866,0.572469222013,0.434192302226,2.28573182071
5.82279404716,-0.237212907876,-2.97189471875,-0.361731804253
1.4950071908,-0.70502130725,3.47625216469,4.49181661015
6.65800827296,-0.960453671769,4.4314376563,6.84115332574
1.61307863073,-0.592756462429,-1.81464540956,-0.673426060856
6.56638746029,0.876444433323,-1.91323919835,1.80456985287
6.53429296638,-0.318157152115,3.14288587102,5.8220438103
5.67892708246,-0.75336406754,3.89612156436,6.2261025651
2.90528401289,0.0448701019226,1.34333235093,3.44145379566
1.92234539535,-0.260342088724,2.84918996002,4.33762588931
4.28767558049,0.629801802243,2.19654045316,5.19963761986
2.27249007399,-0.0907557602663,0.0663615928791,1.82626847826
5.19329777166,0.446524051462,-4.73561811506,-1.72549625321
1.64221578555,-0.342160294181,-1.13558337948,0.149322227047
7.09945218561,0.689110579916,0.439871408018,4.01217826938
3.50301559291,-0.260803567069,-3.99112552639,-1.90287841777
2.91788665653,0.115135982963,-0.293330153202,1.86060658074
4.64662122125,0.958474005122,0.446009800262,3.92540348908
1.04487704034,0.091733505072,-4.49909885238,-3.38954976781
8.46674366327,0.90275962701,1.6685947775,5.6743796187
3.3648737322,-0.0288869830391,-4.12808950481,-1.9345228695
7.0156804148,-0.319741597805,-0.512397167872,2.23696390592
6.27806500489,-0.840025656702,-1.85272019474,0.542975252301
3.30193683875,-0.195312435804,1.12307473757,3.19096768667
4.36539970544,-0.39984726039,-3.83913854563,-1.60749026724
8.73564558849,-0.806608126925,-4.44033182187,-1.7011955311
6.5098632056,0.0844083582363,3.47996684845,6.41353813949
7.74255019727,-0.283945169114,-4.9708900301,-2.10281699793
8.06332798138,-0.382002281565,1.98093375858,4.83563196523
8.94155284783,-0.971429367166,1.46386434377,4.16457413791
1.94664772728,-0.397911199681,3.29345646111,4.71852158019
7.39596820242,-0.0928888048987,-0.232877636279,2.70570074007
9.21912948201,-0.52715159787,-0.653900670539,2.26130338476
1.18110104998,0.613026357171,1.78622121877,3.48213253541
1.26881346391,-0.585519392705,-4.59259949658,-3.68810793562
5.37918708322,-0.974685471564,3.36190794685,5.55329598064
2.35223308435,0.847896796866,-2.66844636744,-0.0132061408431
5.23827120708,0.990376349915,1.97031369751,5.61300840546
2.38474086288,0.0103515244957,-4.83104891422,-2.95475751572
3.11437425037,0.640330304486,2.52587140817,5.22058563656
5.19657425449,0.224054762177,-2.46917415137,0.346837189353
9.88040553898,-0.352866805642,4.67965890785,7.75323904974
8.37302106439,-0.205855166886,-3.85993973649,-0.867900377202
4.64080351583,-0.798345116622,2.80787350071,4.91776940213
6.26074328064,0.662339057601,-4.76840152483,-1.35145610462
6.64041084136,-0.753582847777,4.16691106897,6.65321363108
9.15386424753,-0.172142119791,1.88933166661,4.99103168192
4.81204446096,-0.680383137542,-3.59154786233,-1.39642628821
3.08247890828,-0.444390616199,0.466885047366,2.3275138262
7.306764517,0.375010097439,2.53497162371,5.82062082023
7.29428769433,0.564103903598,0.141936808835,3.60749725053
4.24140418374,-0.145038579315,-4.11055091966,-1.76130133608
3.90388980862,0.795706524134,3.00988042744,6.10778116387
4.35311361297,-0.478227781979,-1.62557529185,0.563174976484
1.79062807472,-0.160058072431,-2.01036920285,-0.532813720374
1.21782365591,0.380631223044,1.90904596454,3.4080226984
5.59997968976,0.661645749578,-0.212052368457,3.09259672866
6.38920641322,0.331518372902,-3.89482445926,-0.781877368486
7.55153401191,-0.437782935622,-4.25474163429,-1.49472263875
9.36186194536,-0.0542859092359,-3.99577969453,-0.796064481624
5.14655223961,-0.359334763609,1.97607565837,4.39392662135
4.88138094235,0.831443937045,-2.33922875573,1.02566487286
3.45959173141,-0.432981265455,-3.91855441106,-1.93667430775
4.28942122636,-0.51524635171,0.857138869253,3.01296412858
7.92520731177,0.997072935329,3.31364897469,7.37964379368
1.69203271415,0.0341104045432,-1.75878653465,-0.208930684105
2.09608509003,-0.043580466385,-2.53977696617,-0.829461589276
8.05904205528,-0.836293430584,-1.7474882324,0.899387145732
2.46670628539,0.880432486995,-3.61756723267,-0.873756373212
5.18501100618,-0.281973048564,-1.01879468385,1.44944271383
4.46506103597,-0.394273574671,2.7706388434,5.0277941219
8.69037900715,0.206927768158,2.85360421804,6.17004839755
5.99170911772,-0.957348620649,2.06165355245,4.36703276615
9.59016759948,-0.14234663501,-4.30037970433,-1.1335971214
4.41446532903,-0.0335016535755,-2.8725256592,-0.410592966608
9.78501020227,0.191583333259,0.815757266051,4.23862528144
9.7190445112,0.0683122698855,-0.332475099576,2.99010160818
1.76217748774,-0.0781410680646,1.95444046824,3.46826816193
7.37612280776,-0.171485732292,1.56809312111,4.45426905132
6.91343052144,-0.910862894485,3.55788927455,6.02322212629
7.15000332687,0.422897057238,-0.475389106186,2.83234064495
7.56381164073,0.594323517308,-4.61745418971,-1.08431445343
9.04852980816,0.554341381269,3.22165794855,6.89275832283
7.03062977956,0.458522374929,-0.736852235953,2.58755774385
9.85150104207,-0.905386312823,2.7679666726,5.58948023059
2.65433488021,-0.737408644665,-2.69620647552,-1.12019659937
6.74051543299,0.638795896871,-3.17215148235,0.293014001562
5.60195903447,0.410175579686,3.33446851972,6.38643241228
7.10442405897,-0.21816825567,2.15619497765,4.97656889672
3.78393709662,0.890052233099,1.72212267947,4.90613092666
6.82475138069,-0.0942156309531,3.99601417103,6.85335150502
5.33559902126,-0.31814444671,-1.44201194436,1.03449006922
4.85814116676,-0.999798254061,-0.890896444646,1.18982936883
6.4830334131,0.750097962085,-1.30703692969,2.24405862217
9.16824928917,-0.275891398614,-2.1875525035,0.854133683983
6.44236015181,0.520794208523,-1.64405710999,1.65358270877
5.18434933796,-0.921439570313,-0.639504551675,1.53412171181
8.75102795294,0.454991526893,0.493144243707,4.03309017176
5.99547212996,-0.928596336065,0.817589635439,3.13396342375
8.65172653492,0.144295606402,1.87539403495,5.13834384922
8.01597635083,-0.520842627926,0.852100389982,3.63050162557
8.01281499706,0.843717361849,-4.48902161044,-0.61331100208
3.77646845317,0.5654934634,1.54315733023,4.3518402411
7.84742024291,0.55997559586,-4.26597484819,-0.731545722622
1.98804282927,0.308801742122,3.00005262211,4.92588173856
4.5867112965,-0.58603204568,-1.30851458886,0.880821300378
6.36042045969,-0.477426446701,0.697194465177,3.2655466972
4.34897414954,-0.301608745469,3.11839989908,5.39968704931
7.49938549519,-0.00390916820092,1.82848879174,4.84060391377
1.68776904185,-0.587498985329,4.41502474381,5.60392789873
2.75044671776,0.245492536702,2.65964966738,4.85691043987
3.47894821191,0.457671610507,-0.704839610934,1.91521399805
4.02087139389,0.877909328838,-3.14905694776,0.0801519621028
5.02588864385,0.0800769208494,3.57256346684,6.24424014928
7.11681199527,0.875573105574,3.38072429256,7.1779209487
6.65606284749,0.413918848444,-3.51758045183,-0.289752424972
6.94038377183,0.292239219524,2.57988199874,5.74177849202
9.62140224884,0.585788572431,3.31825385982,7.08310300764
8.18005178588,0.14099317379,-2.71418413934,0.490178287772
1.06552211064,-0.411299794617,4.90633175863,5.72174228621
3.7402580809,0.51478797206,-1.16525234723,1.58268640821
7.42671357603,0.185978488171,-3.38177000576,-0.239098297722
7.61743115446,0.231712234416,3.43031753356,6.63498445939
6.66510662163,-0.379405756027,-4.33694039849,-1.67130027359
3.43187718067,0.173540258125,-4.29063061585,-1.92970054308
6.77314838291,0.758748151257,4.94291996392,8.54790778606
4.6688157938,-0.02973487448,0.524657790179,3.04516355554
5.28684962525,0.180629702786,-2.01453437322,0.784066631924
8.94344461774,0.85534471321,0.129887444972,4.12999925008
1.57684783194,0.153834508342,-1.21008905354,0.357861253403
3.87550247949,0.0469009145346,-3.6821605943,-1.29444183279
2.38186530254,0.892235358585,-0.163291424541,2.56064221749
8.36288263047,0.329026524584,4.05861548189,7.4385841379
1.78474613537,-0.694496683344,3.29044402498,4.48764506698
4.68963607763,0.924190937681,-0.42612882712,3.01684591662
5.62716156503,0.717550968533,1.95797498798,5.3299683908
3.97228382696,-0.882367362816,-3.30498447539,-1.3831667408
2.30522550292,0.746048806657,-1.38829645254,1.12407515888
1.50987669294,0.813984664703,-4.43186978288,-2.26178136148
7.16661114253,0.147783902335,-0.726702286501,2.35059700329
2.40958658719,0.335018711732,-4.05139034778,-1.91054138659
5.39815602526,-0.600859269857,3.65846735291,6.00388589397
1.58214968488,-0.025554724701,4.6927321583,6.13395941157
8.43004928027,-0.98745292665,-2.0868211422,0.549348924132
8.82254639336,-0.13261047788,1.47674138571,4.56623133801
6.87939107723,0.75948684232,-1.32748134671,2.29393716283
9.07469949185,-0.877216674657,-3.00616078895,-0.256253786219
5.82223208491,0.470397444158,-2.51764392096,0.629530887742
4.42617773895,-0.561707989707,1.57220093188,3.73723693555
3.46720286147,0.158412211325,3.27585599826,5.63526233575
7.74430483093,0.332235642883,2.76154359924,6.06746410159
6.72761999068,0.982430200541,4.58636632759,8.46837856754
5.76387202315,-0.476640509909,0.00637467572656,2.47663328946
9.08576583431,-0.964577221724,-4.4584643537,-1.73932680338
9.89479548365,0.965584022308,1.66752383842,5.91238665162
9.12618017863,-0.954203225577,-4.21229943858,-1.4850256545
4.33358553583,-0.512206765497,2.23756960374,4.4051140016
4.19894707646,-0.781603848148,-3.96055073921,-1.94399720727
9.26524268768,-0.103449797651,-3.29428732462,-0.137212699109
8.82997727797,0.797344069936,-0.163321430997,3.75272980463
8.81967830782,0.694358415109,-3.77457294008,0.0205771108316
5.95979807,0.0775170767604,-1.97447568395,0.865761359686
9.78784876277,0.195088266713,2.75508568623,6.18102157945
5.34352486411,0.469866119203,-4.84334846418,-1.78248200489
7.87177847642,0.578157653929,3.93557124906,7.49179678683
1.41029386373,-0.163404618995,3.97148438777,5.20819787416
2.87726627352,0.338632946713,-0.540980662056,1.78041774089
7.91089459409,-0.548282866239,-1.31418044378,1.43789398918
9.11539420653,0.93617634065,1.72509984179,5.84851468005
9.57111085545,-0.32585279384,-3.03179238974,0.0247835281577
4.77597718815,0.527051442667,3.14656743582,6.15114716502
3.88136760904,-0.322172285317,-0.939943675716,1.2161084959
3.21261499421,0.856748287741,1.7006423868,4.67867960732
8.34530082624,0.0236199746187,-0.246533674564,2.89167180695
6.35197056022,0.802389025657,-2.7765985045,0.816153269948
5.09662597257,-0.811317286052,0.00283706875319,2.20127711083
5.32480510205,0.64956137531,-2.30350082931,0.937566472859
7.88909366645,0.0952693089583,2.12751111738,5.26125717769
7.75127953665,-0.972958508929,-3.56990966894,-1.01259148782
3.79317086984,0.661011634464,-1.95069604079,0.963697254137
8.68176199332,-0.699573734416,3.70400983625,6.4809884524
3.39321718423,0.820999434741,-2.91937437595,0.069033528088
2.61894097751,-0.808456934792,-4.31732430449,-2.78356202712
1.90762734063,-0.0448286244575,4.97465496709,6.58992017114
5.83469932692,-0.104311085068,4.81245679749,7.50652858125
4.6522796311,-0.486451602445,-1.87427716789,0.376858697773
5.72539461786,-0.863409831739,-2.5412496151,-0.246686228329
6.01390653211,0.583255197315,-3.20258083722,0.0897196366338
9.47227106751,0.311450659965,2.157159598,5.64648317233
5.53157670671,0.429263074647,0.452602518357,3.50962100075
2.0872043869,-0.414218977441,-1.58439010143,-0.0981389069664
6.06398192821,-0.833330999812,0.897981184617,3.26157978471
2.9343017475,0.0186891267154,-4.40141072354,-2.31190261788
8.84403853455,0.303761034411,-0.526818245621,2.88728350745
1.95329207336,0.93057192704,2.60267999446,5.17822763995
3.92244005129,-0.875825611261,2.6194405261,4.53109637142
9.71646263039,-0.527745418795,1.25003728102,4.217496781
6.64207426029,0.903307322129,-0.727616299491,3.03615677758
1.2088682864,-0.0974051915398,2.82088964467,3.94528690607
7.65726903121,-0.196135925429,4.19193966441,7.10048040846
7.14848162167,-0.222174520992,-4.92376305732,-2.09959075655
6.37568625531,-0.993380726883,-2.91528874568,-0.560497676499
9.22947326667,-0.371861615699,1.12850725041,4.1236939019
9.44803856158,-0.582672060718,-1.04930137289,1.86423170275
2.87275506365,-0.853210388907,4.79040147245,6.39922455592
4.1887313748,0.180263312284,-4.16787211194,-1.60238352684
8.95378439899,-0.300190748723,-2.13120503303,0.87301625769
2.79280960257,0.252338383311,3.25247596577,5.47066027784
7.74007816283,-0.579024601279,3.08115557551,5.79698357492
4.4723343794,-0.754569466214,4.97901858573,7.06965233206
3.32784271995,0.630488272109,2.03543597597,4.78584908513
8.25320383828,-0.911113505594,-1.62807621912,1.01429974674
1.77621115959,-0.179178025078,-3.97979486492,-2.52210627199
5.66174001025,-0.896756697217,3.62316856789,5.89399264116
5.22368932154,-0.075280778751,-3.62157208037,-1.01921078452
6.41621494917,0.670211561231,2.25149180233,5.70162647883
4.78581020875,0.0672024745261,-4.64662238986,-2.03328390316
4.73815215216,0.479961862226,-1.52021303841,1.43014097663
8.2066620897,0.126924091524,4.06059677396,7.25750613812
5.46928895807,-0.642022564303,0.426405817498,2.76636837552
7.73327609168,0.284959399008,1.61405057998,4.87795914311
5.91568530111,0.103213755746,4.61867118792,7.47044214923
9.08843918929,0.432482984337,-2.65283690294,0.90372054562
4.3159498159,-0.955359951769,-0.487433279594,1.49059704374
7.97584331001,-0.862817391899,2.04249717191,4.66879222983
4.70419550191,0.95003500196,1.45818294475,4.93855724383
1.95796447649,-0.437100524312,-0.951356170646,0.459166795045
8.88368062172,-0.83655711012,2.82412162706,5.56831590711
1.73139814772,-0.419070737087,-4.57561246837,-3.27877700085
4.83508772723,-0.780387875986,4.53478107566,6.69289059058
7.06160367558,0.457240491667,0.385755999955,3.71334144668
5.27164447275,0.184798968357,2.54129820725,5.34029914036
6.50823211996,0.654362790784,-0.443742364398,3.00324612188
8.86539631161,0.61598335891,-0.089794317834,3.62496360785
4.2682586011,-0.0724841919465,-4.62801182082,-2.22580684652
3.10975534263,-0.236212822923,2.87967494237,4.86318999654
8.78490667992,-0.278579697396,-3.47402811931,-0.476590796023
8.51364654099,0.997590771689,2.84929323938,6.98762647844
1.37703327339,0.179733411812,0.986093887059,2.43869983505
3.51980733489,0.976720233081,3.5058316694,6.73222429894
6.08914276752,0.201867615173,3.01644040492,5.97313406097
3.55884739619,0.328617312717,-4.98563073171,-2.46038478164
6.23595335573,-0.756269273986,-2.71608464118,-0.293727873689
7.49545288401,-0.48936633169,-1.15655767063,1.57007678992
6.68941789392,-0.61641038957,-0.364228550509,2.18859020473
1.80990781688,-0.3892282162,0.568488849038,1.92530272045
2.52876077551,-0.814093132355,-0.418902678838,1.07759258825
7.35661747357,0.715021328734,3.66616548744,7.30327321755
2.49181338999,0.320932884751,-4.34778030466,-2.1856315767
8.65872426762,-0.212753693352,-2.75751872603,0.263937322634
2.28370661025,-0.845204653016,-2.36433915681,-0.981907484932
4.64839622137,-0.377003567005,-0.697370834552,1.60918669728
1.43412369618,0.815289424319,-0.261928936737,1.85827618774
3.33546266605,-0.889518183429,-3.85284450686,-2.10843874349
2.0909875371,-0.117568296523,-1.06531780881,0.59405861228
2.67508167828,0.14443863005,2.71605903764,4.80533943542
4.92280590885,0.951920533521,4.08260219964,7.61092697746
8.34732575705,-0.697083338389,-0.327732396781,2.41102677508
6.46110623432,0.672032088603,-3.62519293993,-0.166076762194
9.5432655281,-0.691447267778,4.76335587972,7.63842394839
5.91046135226,-0.743927785744,-3.77271881151,-1.39888343889
8.5439060621,0.729183191886,-2.23627239574,1.56664618045
8.2533383295,0.0745689427567,3.52362413428,6.68728825209
9.40533166292,0.763788997222,0.647206351624,4.58642721853
8.75568651083,0.714499245741,0.980110985241,4.79072792505
2.70249118004,0.604688963727,4.92161920157,7.43644408328
8.02359894166,0.530633413316,4.10532489831,7.63227525525
8.74939789164,0.397043118428,-3.22899904683,0.256792116198
2.7665352356,-0.471439579277,3.83203517045,5.57087544193
7.58983963467,0.804667726995,4.80504173254,8.57859564109
6.13778868695,0.452390670441,2.19388681402,5.37665712276
8.40874834373,0.46722820841,-0.202135549161,3.30958795233
3.37643671612,0.310033437781,-1.72706751182,0.72948984894
5.13223778108,0.820577752963,-0.627551746483,2.77410315471
4.92167223447,-0.740697990823,0.316676761352,2.50877486523
6.11896896905,-0.60926457908,1.48500269914,3.95192708919
4.31687437789,-0.645969199727,-3.89401989111,-1.79242494947
2.90211380638,-0.99165036273,-3.17693365052,-1.60859212648
5.27303925438,-0.182570427998,3.41800190871,5.96174051151
7.77625863659,-0.396588425445,-2.8903199697,-0.0795921132241
7.00137920586,0.7254756355,-3.36370341527,0.235849407148
1.90829939423,-0.8666177392,-0.699681122825,0.494962442097
5.53145319163,0.280689097115,-0.429289058787,2.49593648344
9.1943057474,0.343278678845,2.19386378188,5.68108456621
9.07258010652,0.119347056411,4.32068353708,7.61218335956
5.50160956654,0.362733797785,-1.31273730916,1.67816358679
6.67822595088,0.584326570728,-1.06651298589,2.33167834625
8.36673478168,0.896095060954,0.567316178275,4.55260181334
9.32693332648,-0.873271962801,-4.63070107296,-1.85188744764
3.79205388949,0.350916365199,1.37787956829,3.98615781869
4.70077599109,0.364657144706,-2.02353259354,0.811770607897
3.18799755861,0.605181689872,-3.64107858124,-0.960515272061
2.18694058787,-0.272292424933,2.56445091275,4.17495730155
6.75107592287,0.32991083394,-4.53095402804,-1.36431645293
7.06971398136,0.628888468118,-4.98056744472,-1.47837429762
7.90383875719,-0.102571873461,-0.726523280194,2.27219644749
6.11532497426,-0.785510466611,-4.16689821881,-1.77595365884
2.34022844892,-0.711427423024,-4.36948942176,-2.9085252803
4.39199458733,0.110884925218,-1.86073942421,0.698934467877
2.62026882366,-0.120945881428,0.422922539386,2.30578399743
3.95059733802,0.879849743527,-2.1076334291,1.10641699961
2.0299582507,-0.935583379264,-3.87481028646,-2.6439640486
8.34747337502,0.323854459089,0.740879264995,4.11450835045
3.02337777019,0.858619011669,-2.23729516383,0.682381245606
9.93020813215,-0.676115332188,-3.22091664801,-0.299487014581
6.68977655736,-0.376566009757,-1.97580725737,0.695042067695
7.23481012737,0.610130261774,1.03011598587,4.535417124
2.19891811631,0.000299205338613,4.83210543384,6.62027832278
9.66223631589,0.979318585165,-3.23677553967,1.00298357703
8.82663852901,-0.609425565497,-3.79421605766,-0.960984171061
1.75983662116,-0.124694406945,2.65777587273,4.14019515305
2.51612652442,-0.269014473237,0.509273699673,2.26188058523
6.32489455403,0.0905077699897,2.33005746387,5.23929569046
2.08665156484,0.0804633415348,-0.601070188732,1.19184804148
6.27819935983,-0.467954135146,-2.63170019683,-0.0716278520853
5.12857797142,0.35066458806,-0.873425380391,2.03655094009
9.0508639174,0.890572250405,2.83250457108,6.88927612357
8.09709744931,-0.0527437562589,1.83580013323,4.89140682208
2.43485018854,0.451320494861,0.790463585099,3.04763997761
6.92075419419,0.48558270372,1.04849963165,4.38317565465
8.44151134047,0.12097590131,-1.96279427217,1.25783731485
7.64997712844,-0.938293866309,4.6602063615,7.21675867555
6.44682641408,0.701811915228,0.972280898359,4.46241520815
1.51037493446,-0.601988384612,1.0926394734,2.16384267469
3.41888475357,-0.341795770979,-0.154065719415,1.86430721571
6.25466230587,0.489535261433,-1.52460302637,1.71271665986
2.43382809957,0.356955865893,-4.58491635756,-2.4147303085
8.19150098072,-0.599112492695,4.22204663699,6.98530373118
1.26331216594,0.372735132034,-2.75032656747,-1.22178433186
7.69738957648,-0.180795605567,-4.75606246648,-1.83296486642
2.88372991999,-0.952809427845,4.45398955321,6.02969955328
5.59568306419,0.0576352633272,-1.90007074885,0.862683114049
7.00749154117,-0.667587808225,1.8380489076,4.41458713647
6.65544951194,-0.421932885234,0.892782204556,3.5346421139
3.40947183743,-0.638280359246,-2.581929276,-0.712893579433
2.63434495647,-0.677381527202,2.39314749691,3.98708120964
3.78558615417,0.189700801561,-2.40774211745,0.0639857789044
2.82810360611,-0.155313591384,-0.0276881255761,1.90985542918
4.92849012904,0.663042457138,-3.09024788288,0.0882031259578
7.04954732442,0.137343093679,-2.83378884098,0.219052249462
9.5226234592,0.304651737372,3.70004482813,7.18883565887
8.47709408285,0.395343338178,-3.88885938532,-0.436235940513
7.83912480132,0.577957872847,0.823576651627,4.3754386416
8.26171687509,0.959667173314,-3.93641080504,0.120082782743
3.14675280455,-0.394270924087,-4.57914843967,-2.67190358192
3.13456620083,0.0418830369278,-3.52692648828,-1.35497907741
6.31941358811,0.0244878548485,-2.53586585785,0.324879118398
4.99776005028,0.750070855571,-3.06922396956,0.221641283546
5.71977966791,-0.754202799722,2.86991660022,5.20672078881
2.92866390114,0.123662111833,-0.557042437112,1.60700079084
1.44865074494,-0.499152236799,-0.806760636733,0.27139438245
2.55906393356,-0.855955061648,1.84659025008,3.33873124263
1.5693236332,0.938952287146,-2.4832048744,-0.115424682366
3.01350286623,0.130711597347,4.17628504345,6.37422177419
4.37665609406,-0.117345689375,-3.55339052521,-1.15522334533
8.51985586591,0.80681396826,-3.93381270831,-0.042069342805
5.10111480226,-0.253572964144,1.18052458666,3.64880012745
1.93396473012,-0.0930573873069,4.9416294892,6.53873545194
2.48736905595,-0.243755218574,3.87110917297,5.62687888952
7.84526013823,-0.990552445137,1.84607174217,4.40926630486
2.75429037976,-0.76178221088,2.66955656839,4.27248372305
3.07017892761,-0.375075978307,2.90572471968,4.79852536636
5.76346421914,-0.854533229508,0.833847678692,3.13843062956
1.69555053454,-0.289537789091,-1.88695826137,-0.540786633979
2.26632682986,0.792624218536,-4.64646188913,-2.09607904603
7.28154214738,0.852687582464,-2.95509469996,0.836109889393
3.10569696509,-0.658789222955,-3.57712954849,-1.81048173194
9.83026412065,0.379468888476,3.3168156798,6.90314435207
4.85118853754,-0.279436904221,0.0914492639046,2.4945855325
2.97585145188,-0.538849311472,-1.41890789938,0.35994199255
8.86991517483,0.199536375638,3.90127777023,7.23227227205
8.99294692294,0.501249072103,-3.84353485659,-0.231655756044
7.97461703507,0.875336931762,-2.56683579579,1.34386428778
4.73022936144,-0.582116961165,-4.74318694681,-2.52123037193
9.21868270375,0.251290654891,-1.22870170696,2.18280191874
9.66355427784,0.155594289224,-0.884804663913,2.49743721867
8.15135702107,0.0170197568885,-2.92253857434,0.187512902581
4.76293109979,-0.644664096501,-1.05000660882,1.15049834861
8.198664759,0.395124049847,2.24667284989,5.6656999868
8.23178810789,0.203233336414,-2.21873383812,1.04054509958
6.64240158277,0.48498928046,-4.66490405853,-1.37185500988
3.13325221064,0.135162813171,0.336843509231,2.57713176367
8.48323123311,0.735505418555,-0.306780884402,3.49629119348
1.28256946876,0.823719472208,4.42833975983,6.44716855465
6.20832709257,0.11377823652,-4.568430924,-1.66048115018
4.43720049149,0.664951558686,4.44093111162,7.51646980482
3.56174336187,-0.378339609878,-2.78001858848,-0.740445964559
6.93413181053,-0.958471154176,-1.35679389953,1.09426391284
3.47242162606,-0.221814069406,2.63844126644,4.74078003197
1.28043060299,0.83923925521,-0.128176528716,1.90812638396
3.51340779053,0.516057880581,3.71840441797,6.40503322311
8.51057761467,0.478367706304,2.48363389911,6.01811023237
9.85431523173,0.599730598965,1.3969182038,5.2002612139
7.01457052301,-0.926943135156,3.27852263777,5.75248374752
6.37862270806,0.113081979964,-4.94688098983,-2.01239257311
7.85381104653,-0.985727339317,0.903432006483,3.46940198038
5.4107048483,0.28541451369,0.292662637948,3.1998023949
3.65862802584,0.453411389155,-0.904890457941,1.76147197326
6.17146821188,0.0476608438239,-3.51410179718,-0.660577301224
5.37560256842,0.204315724293,1.14725805653,3.98126848296
7.38001717383,-0.457305065844,-0.70259116575,2.02453032791
7.90177431646,-0.872535375205,-3.95554898964,-1.34227551272
7.62872655976,-0.0882620034674,-2.87170255264,0.100873642067
6.29840470485,0.0294448938269,-1.80981707436,1.05109865167
1.65750463884,0.994108230138,-3.51055057275,-1.01338840305
6.34764925369,0.0339233246833,1.49335861079,4.36523564608
8.55749151604,-0.739704273331,0.353403026788,3.09907222255
5.07743200051,0.153268828531,-3.8254026879,-1.08851070397
3.79319667216,0.879965245218,-3.15679680574,0.0167432737811
3.89635854968,0.662817272246,2.52126942057,5.46448303129
3.94893047834,0.977334776907,2.76585318885,6.10812282234
1.53760635914,0.208430745046,0.533951958705,2.11960956337
8.54400612462,0.117887528305,-4.14412259846,-0.913747828106
6.01094090731,-0.169448920942,1.02255965304,3.70532321145
7.90906901777,-0.559277839306,-0.820116666411,1.9265351937
4.52332512732,0.905733577722,-2.18887371242,1.19387054201
7.16636390826,0.918734073788,-3.74004060298,0.119813538463
9.36407744723,0.85374895214,2.23599199038,6.28006376193
7.90477170528,0.0430595490807,-1.79991640866,1.29784666134
8.88652755419,0.0493494192671,1.01489718691,4.23423173704
7.21670662639,-0.606111909009,2.680500326,5.31386388013
1.56461011054,-0.476703050083,3.29858593478,4.46484058328
5.85313951946,0.936341526295,-2.21237827614,1.46826919278
9.64617355814,-0.825704397357,-4.73659363029,-1.90582565539
8.23165522002,0.722698612078,-0.550042090361,3.20821105463
6.67891184114,-0.116502823345,-1.58092237698,1.24045364398
5.14489524317,0.112811277144,0.476982667742,3.19632097801
7.56217242086,-0.416235222221,4.40070277277,7.17323888862
9.75355042472,0.171243554614,-0.876101161216,2.52755886898
2.55059014259,0.813815367648,3.61008107466,6.30425997736
4.92485155198,-0.966676988053,-1.02639273886,1.07958467887
7.90153857505,0.312672843699,2.13435735224,5.44342145224
4.26481796796,0.441085397415,0.723398511533,3.53142335052
6.27284918494,-0.28990147543,-3.57275753323,-0.918568949683
8.7567896463,0.105370566271,-1.98052742463,1.26507260858
1.94909068946,0.870000143493,1.23819024753,3.7332162805
9.02399450157,0.619106081488,-3.7137521951,0.0220580924608
9.77399425746,0.970039881667,4.20049206284,8.43911202
2.56932965145,0.348823572366,-3.49452761623,-1.27736086093
7.2019744448,-0.718584447936,1.55904778208,4.14109640895
4.00876796367,-0.543505350737,-3.91139637556,-1.83681057833
9.93916936064,-0.651010551839,4.19635369124,7.12967122295
5.46459350491,0.683093771914,-0.610550374525,2.69331849585
1.96871142396,0.230256983901,-4.2010809874,-2.35065787598
1.389616182,-0.34797014552,3.44645449726,4.5611708534
2.15953501341,0.830839515503,-1.34064165125,1.20797138806
5.05186145481,0.490259627688,4.70064529412,7.72509971707
1.17174847154,0.113063557641,1.62052305637,2.86054251846
5.97951970018,0.585954148588,-3.4277744441,-0.13840280575
9.80965548123,0.0421246230775,-0.0270545607127,3.28594161425
2.22079540807,-0.902365755902,3.2403100165,4.57318413532
4.16553968785,-0.148221529638,-2.55701868814,-0.227810687277
5.07356095447,-0.684014010523,3.36226632862,5.60874033059
9.34719501416,-0.988123481249,-0.232543777462,2.50666559885
7.82893499297,0.0281530280397,0.744838684534,3.8223710075
7.28958589567,0.970210806805,-4.48742819682,-0.541854614695
2.57826464776,0.608156527739,-4.42755724923,-1.95613048966
8.36326977442,-0.713191751597,-4.72767121886,-1.99385256941
1.64833562592,-0.0481066729336,3.26624293857,4.73321381763
7.91149759479,-0.527128573674,-2.62438914113,0.137862465003
9.40877164406,-0.382051474913,0.683621271778,3.69260934842
2.9505751056,0.164086657635,-1.32034819664,0.88210841983
3.76997465189,0.960391205941,-0.712826032354,2.56007970844
7.8240707118,0.0944801279347,-3.65959142063,-0.534705847824
9.62436374271,0.270309649039,-0.0501294559271,3.42023497825
5.22279270824,0.321682031945,-0.973894035226,1.92892504607
5.34506519622,-0.426042645809,2.74805867575,5.16853304363
6.7661954868,-0.507171434165,0.0171666983222,2.63270623525
6.83480854514,-0.0377503216899,2.67429717072,5.57049847757
6.9933039265,0.974623276583,-0.614100785373,3.29598031042
3.16886954402,-0.613097400258,3.31298394128,5.12015038839
6.60124401153,-0.886099501691,2.76639266192,5.19472578319
8.35354741127,-0.172809740611,4.99472574401,8.00452532028
4.9020804912,0.182592908318,-1.30569330971,1.41888820635
1.56893232179,-0.79630609094,-3.51277084354,-2.48655386694
8.40114497761,0.0931868041276,2.00990233265,5.20499423031
9.92537642757,0.960258109517,1.54357885791,5.78433156821
8.63666629557,0.385447744493,-3.75307373367,-0.290791943466
7.91694946719,-0.411291643756,1.62192238264,4.44287819811
2.9257015054,0.656579959556,2.49889071662,5.14876632921
2.73846607511,-0.244201359035,-1.63095044566,0.220730532769
4.71803014462,-0.920273242555,0.141630121176,2.22143042299
1.93702351805,-0.831115164857,0.998854237,2.22210135306
8.7838875454,-0.625294686818,4.74058939369,7.56179581993
2.69432282933,0.751689964659,1.91712445595,4.59203538671
1.40934972586,0.558817616561,4.41147483495,6.22766469736
1.59065089408,-0.863620962666,-2.90953103196,-1.89581625415
4.77458830635,-0.651662130284,4.71855583704,6.9184101139
5.16665799253,0.333580148141,1.97884517836,4.88120784911
1.29414047249,0.641436844932,-3.71587383382,-1.89814514424
2.09091947761,-0.403122983847,4.00939978967,5.50322323162
9.55432989125,0.648479082709,1.44933585554,5.27384511873
1.0192071196,-0.655079065255,3.68142419025,4.33548986918
2.25430344468,-0.776304105182,3.87755770097,5.27425934506
1.11787781358,0.639519742665,-4.9002020105,-3.23095943692
1.37733060052,-0.875445232615,-2.10759869667,-1.24236579766
8.27970739633,0.313396314204,4.96332365926,8.31976087874
2.71404370605,0.958320735347,-1.47506225163,1.46642432863
4.60415669335,0.391253265942,-0.884380511769,1.95411124693
9.62484213401,0.458327886847,-3.12753390808,0.510762030797
6.63675641116,-0.160282365591,4.63609847239,7.42357173718
8.08695229095,0.196371238838,-2.83108224471,0.404982394103
7.85619376753,0.971930743994,-1.33599319881,2.68677288326
4.18336629716,0.84796087323,-4.51562893823,-1.28455763851
9.44995537402,-0.934539876223,-1.84076381735,0.928455514087
3.01044670065,-0.649704564473,4.04838161997,5.78788092273
6.28898758996,0.715872593815,-2.05468071316,1.42659573509
4.64740930967,0.357623023468,-0.820199810628,1.99742318903
6.51880001695,0.437189065764,-3.25682783178,-0.0281738143463
2.18302393978,-0.504213251761,-1.07433081669,0.411424983722
2.6394059761,-0.946680582842,3.50102834635,4.99040705413
1.66394253449,-0.321435993084,-2.90077137054,-1.59130863757
5.91729375345,-0.183420190128,0.0158514224215,2.67434348566
7.53073186481,0.286199751805,-2.68976728704,0.548648863904
8.45786074314,-0.0607152949131,-2.06787063828,1.02601426572
5.42747716123,-0.0690041621826,4.58145766041,7.22622787022
7.47913756855,-0.786819326224,-4.05013037061,-1.45839232426
5.015613281,0.0776179785578,2.52179621999,5.18962617036
5.48734332464,-0.969352122953,-3.59025046603,-1.37707086994
6.55736679903,0.483535729968,4.77808370255,8.05683889239
2.46993445271,0.350064494437,-3.27858654621,-1.09977732656
5.21593842514,-0.896755664063,1.8150833715,4.00389558168
2.27532211863,-0.423249183888,4.57809730877,6.14596213838
2.69895433425,-0.706257480369,2.79376528201,4.39953772986
4.1715522379,0.747501685944,-2.51497457111,0.592196625919
2.98121109041,0.0280603802147,0.0379637853086,2.14993376592
6.45743833914,-0.12330616388,0.523218705051,3.30653271178
1.53149649891,-0.865211556614,-0.0750922295288,0.900119032407
8.61650069058,-0.747756715607,-1.44424445103,1.30496344023
8.75231975708,-0.513731125578,-3.78543113684,-0.91570367338
8.61606445043,-0.25570052832,2.32673707649,5.31794582931
9.70752226784,0.78813738003,-3.95733685885,0.0424077649251
2.4708963137,0.97273923954,4.1494328861,7.01657722234
8.71114253602,-0.257328006783,-0.241439347441,2.75979961605
5.3392667428,0.56983933215,-0.660454193611,2.49899238954
8.68238132984,-0.572263089933,4.04330742406,6.8771642067
4.1751313188,-0.240770734429,-0.167145164717,2.10829372109
5.85033581252,0.00225340029588,4.90807346375,7.67613568572
8.37678089437,-0.125928088391,0.208771890912,3.25064991263
8.56663779791,-0.68484664013,1.81137424972,4.58132153304
3.15341958842,0.873720829107,-0.784317957093,2.1965521676
3.6907895868,-0.209138227615,-3.91069012863,-1.7397959093
7.40362993083,0.464550099661,0.493305834801,3.8751632184
6.00773724574,-0.363586407379,3.14792377115,5.71820200418
5.37974322357,0.944818995981,-2.60520876369,1.00237924387
7.04514189109,0.658635304165,-2.6887436318,0.842183328886
8.70827659422,0.266778792908,3.67961578687,7.04700823177
2.39599796643,0.733063490461,-4.9812221806,-2.44525747857
6.94112159441,0.862129764984,-1.12995356672,2.62522953035
1.16912304891,-0.703711646569,-2.84307204794,-2.07282756219
4.64369538435,0.0554578123642,4.8061952294,7.38089451588
7.11301304026,0.303257119911,-1.4193388804,1.77651411174
8.50201157496,-0.0947577373695,3.01507422429,6.09180649857
5.0664057699,-0.150110952899,0.536844400672,3.06065719883
1.15243031585,-0.0834030431183,3.06851981169,4.15422154887
2.50354772254,0.519234296214,-2.86327517389,-0.512371974186
8.00958919126,0.91518823849,4.71727064781,8.68372523184
6.96647281882,-0.536323664366,2.86202561685,5.49266041222
9.09532859158,0.351057953646,3.82300515614,7.3062617241
2.90499277959,-0.821642372419,1.89445767861,3.52668605215
3.35217575791,-0.0355038080325,2.81576981109,5.00107040327
5.12049159129,0.186407703079,4.85063954459,7.6218167515
1.12036125565,0.432506644179,-2.20257992226,-0.739352345275
6.13152388108,-0.0157575183836,-0.372235017824,2.43034544729
6.10618537729,-0.128580516594,2.10231770731,4.82635098247
9.58756194503,-0.158029361684,1.77283184596,4.92954693261
6.05244343848,-0.987093731836,2.99062842419,5.29558352779
5.91900372512,-0.25623901677,-0.296826892861,2.31860901488
3.10682036212,0.204875306026,-0.821797590699,1.46438894384
9.30654272847,-0.899323553786,1.44214312271,4.20899884974
2.52279941928,0.752819122115,1.4262371495,4.03668869368
6.17163395757,0.669820622444,-2.66109292882,0.74974585066
8.58597371131,-0.883234658003,-0.905215723251,1.78706469983
6.71513683998,-0.948826351832,4.79888098081,7.22129892174
5.28861910533,-0.418817202408,3.06004340528,5.47363823214
3.72299614002,-0.577990921663,4.95247931209,6.93690408679
9.31494802991,0.610763418302,0.0413738471501,3.80006133191
4.43447291838,-0.456374494018,-3.82179626901,-1.60357202691
9.47892729719,-0.28995391292,2.0792433638,5.14624270633
9.90994151232,-0.507306670951,1.20209877257,4.19917184175
7.81337651643,-0.0529043754498,3.87965870741,6.89948961123
7.38282267135,-0.676378900863,-4.00745808479,-1.38256817479
3.61521076559,0.260454287915,-4.83922926733,-2.35622327423
7.45115923016,-0.660410374559,1.87087350327,4.51194142529
1.73266318005,0.218055361134,-3.26537630194,-1.55255199138
4.14073336323,0.350419301825,-1.55653640239,1.13926762739
5.54016808703,-0.0173852268296,2.9703429849,5.67038962161
4.86333273415,-0.313253646953,1.73329159829,4.11984017415
7.82154907943,0.458223585082,-4.66991468308,-1.23918292368
6.20754660834,0.122687901449,-2.48476818305,0.429759021556
1.19896718334,0.646125902941,-0.629230099477,1.11719053661
4.91595703758,-0.308950805536,-2.45781953844,-0.0581044863546
1.46998361973,-0.188317594463,3.70656499429,4.96944482743
5.201740087,0.205198464156,1.88093699219,4.68277512077
4.75531995327,0.537410185721,-2.95174284331,0.0588859380538
2.13135212493,0.177620111869,3.26519598587,5.1529691708
8.83338014107,0.0222916067061,3.19362583934,6.38773493651
4.21584568556,-0.290453868522,-1.63387683169,0.622618165712
3.97066883593,-0.433822293927,-0.770661645185,1.3485707385
2.92081950371,0.893201882033,-2.15253794453,0.776619869208
2.36780265777,0.82489372148,0.758101875408,3.39146879182
7.67297449038,0.46864889575,-3.35274398174,0.0687732676354
1.76656730491,-0.20269219995,1.24726380011,2.68522963962
3.06920222394,-0.446809027754,-3.79498693663,-1.9399054886
9.32624829946,0.347801190387,-4.01708204713,-0.511629673947
5.58219786718,0.705704168919,-1.44850003087,1.90202307171
4.06194591119,-0.524799021256,2.92912869621,5.0258467734
8.94143039607,-0.491995463254,0.721214635967,3.62295115317
8.56713418947,0.0399894444394,-0.138134890868,3.03790468995
1.53239966183,-0.0410644630677,-3.78796916917,-2.38919669749
8.56658492634,-0.600087011533,-0.0274444996873,2.78013882747
9.02525225313,-0.446717160779,-3.27970824987,-0.345971294212
7.63531836724,-0.783568548941,1.33165303365,3.94536574165
4.50798445968,0.895339355821,4.61255622756,7.97845373714
9.83151130895,0.549603333974,-2.31313285574,1.43614301509
2.0813236813,-0.548155702701,-2.95460402313,-1.53770610778
8.56758564776,-0.376920391114,-1.90535858848,1.01270704964
4.68642365773,0.105609836701,-0.752369366917,1.86824948345
6.53734971861,0.666775614699,4.62119598301,8.08624875684
1.28413253755,0.108314887454,-1.76025067766,-0.432198854963
5.27481008454,-0.9957192915,-0.553779829091,1.6106486304
6.569680805,-0.0827042350851,-2.20200432627,0.624746907408
9.22217205865,0.837065513716,4.80325144318,8.81127485923
5.99031794384,0.650614626837,-3.62365743386,-0.263676098021
5.69367473418,-0.123771331477,4.60316413371,7.26030533725
6.83063082168,0.46545826408,-3.10317826022,0.198994642715
5.2039091882,-0.906216568498,4.64219275463,6.82518542962
2.63207984354,-0.895890261338,2.28575482137,3.79094463347
6.21541472905,0.795956438715,-2.32236683154,1.24089365161
2.19024295859,0.79262596243,2.89237081219,5.40860784255
8.50880154,0.741859342207,4.10650530352,7.91993615207
7.98792439211,0.248699672703,-2.41910886212,0.846957832089
7.04515103885,-0.208124248767,-2.01984845547,0.798153137983
1.49247616631,-0.279180885635,-4.4296282119,-3.20513285703
4.06894026084,-0.580605729981,-1.38196166244,0.690103890134
9.2585492771,0.744560855947,3.29059970132,7.19161126688
4.2104648144,0.308142534399,3.01938012367,5.69506577948
3.39742373706,0.906385671026,-0.924397676851,2.17296363226
1.73284039078,0.798583548317,3.70845623125,5.99761067366
3.25580646491,0.993852594682,-4.10157360456,-0.929637580192
9.84548855468,0.960747833124,-4.09401839131,0.139313468179
2.71524109269,0.362444644343,-1.19759459106,1.08688866285
6.54345395858,0.871526128304,3.98942303507,7.6974854722
2.31223238604,0.642807069488,2.22624065481,4.62581828477
1.6775889256,0.555199240501,-1.47251111676,0.514218026363
5.15449570689,-0.00712226961545,-2.58939989936,0.045544772078
2.83962637552,-0.882098193165,1.46055267935,3.04680292054
1.61304002744,-0.540264765648,-3.15423107314,-1.98846575892
4.5390846629,-0.408707943283,-1.29195881463,0.974064275175
4.95427425031,0.439671797561,-1.86113295583,1.09541347818
9.14275737513,0.223358687442,-2.43175919874,0.948651143872
6.20431306609,-0.350886017011,4.50116812815,7.11051523536
7.0778617995,-0.881608886203,-4.70707803056,-2.20734436578
8.39779344494,0.691278600998,-2.56534798712,1.17733493783
6.92325399564,0.986602637383,2.00058616266,5.91698533396
1.31763946983,0.224008780788,-1.28256952133,0.161246837276
7.71800859498,0.986493754466,3.36087449177,7.38579460723
1.50133794388,0.302680725891,-3.7681116983,-2.12832084941
1.12566161467,-0.0861068823287,-4.55312163204,-3.4926891888
4.64238522853,0.386592486709,2.57299016109,5.41552048022
3.06395847259,-0.195816495663,-1.15963361434,0.833152719874
5.554881302,0.870005165652,-1.44833074717,2.09401575243
3.98733439923,-0.778570637252,-2.67183489296,-0.705767891525
8.11389138443,0.465459889026,1.14107411311,4.61540911999
4.49203018766,-0.403002650981,-0.7869987267,1.47158863943
3.79093542565,-0.0549532201935,4.67445238191,6.96969084072
7.31763103428,0.327993109152,-1.00022413108,2.24532851096
2.08989497871,0.961241495169,-1.26030201255,1.42379643284
5.34969037234,0.995200722435,1.17560179808,4.84599832561
7.77954874124,0.27201211113,3.31091400377,6.56990306595
6.67531343983,0.301683925998,-4.81761182418,-1.68661340911
3.86757859397,0.437341765915,-3.37983083823,-0.673095192325
2.03936024744,-0.666617658477,4.90792314567,6.25054122514
7.25239741533,0.398396281445,-4.92448877812,-1.62511474236
2.70554346294,0.569376192695,4.57226507481,7.05144969327
8.1556119265,-0.427129365596,-2.03849161166,0.803954846057
3.24951825377,0.0955972822405,-0.0241815669145,2.22283287231
5.93690717078,0.906094567691,-2.05880517285,1.59634887352
8.21165548217,-0.778742460915,-4.59045051225,-1.90202132676
2.26494985153,-0.720394339459,3.48044577224,4.90492991404
2.85710350926,-0.347782031288,-1.49701099939,0.338588581745
2.41730548219,-0.678402062567,4.89884713725,6.40635760652
6.363183011,-0.420336734228,3.67081473255,6.26859364913
4.49534302097,0.104013902752,-1.67743062435,0.900370882223
6.56621174872,0.488002820031,4.79059660159,8.07503566153
8.00764688342,-0.95753040384,0.163802415556,2.75913698737
1.26180527688,-0.664197643949,2.11073554927,2.97431856426
3.29240402076,0.306596884662,4.55138881942,6.97979367233
8.12488556752,-0.347293993373,4.37725041437,7.25823915106
9.09385963839,0.278693571015,-1.82476582053,1.59592947107
7.30934707621,0.694881859638,0.319524491667,3.92743031243
4.58227815127,0.558601529408,0.732228048243,3.72726516845
5.69732281635,0.552473822188,-3.39486594222,-0.18827120824
6.95136308912,-0.52354738444,4.36547792526,7.00007489377
4.52090559804,-0.929833732162,4.88820860887,6.92183977041
3.02351977587,0.935301418212,1.62080761701,4.63951938128
9.16611717712,0.724504540274,1.79649554721,5.66434240097
8.35095728401,-0.35875667507,0.085460499993,2.98767303579
2.3297560312,-0.694040606214,-4.12282724024,-2.65894345323
2.06499727584,-0.110525458839,1.32154500666,2.97292455501
5.83345288902,-0.632054663484,-4.04195163626,-1.63308575286
6.32881775532,-0.102706303699,-0.19164093548,2.58475690125
1.53799281365,-0.770077625304,2.60626570152,3.62312982289
2.81983194134,0.349386670179,3.61837624194,5.92907242112
4.86926726978,-0.579406008946,-4.43263354782,-2.18045081797
6.25786215771,-0.750290946952,-0.601673507585,1.8266487673
7.497075685,-0.634437519437,-2.93012437719,-0.271419416827
5.92980702965,0.0317748588747,4.53995721488,7.34221787301
3.38366096951,-0.518193539503,2.71925071545,4.63645455521
3.59224558189,-0.469739256951,2.05535217319,4.05622478302
5.76717659581,-0.848015757334,1.41239871017,3.72012964263
8.14849508315,-0.0916127555061,-4.97016068741,-1.93385436436
6.99149642632,-0.925776237989,1.78387186962,4.25496369921
7.33567791355,-0.58368936463,-0.348433517764,2.31157155143
2.36602532129,0.0434562392269,3.5408298934,5.43262117467
2.74334471207,-0.998677033549,0.479936691729,1.98957328104
1.67683257538,0.640978974352,-2.37408169735,-0.297788096531
7.24997024869,-0.253881993672,-4.69078059393,-1.87114645014
1.78459948524,0.740952636096,1.79720743652,4.04768049715
5.37838208991,0.629455291721,-0.755409514586,2.47395888812
4.21103716226,-0.958875970421,0.158327491197,2.11049404573
5.37475428601,-0.350994940684,-2.86544410031,-0.399688037976
5.15017983302,-0.946083407965,-3.45649007476,-1.29841881501
8.60972279096,0.652216712807,4.93277738268,8.65725059331
1.50003329533,0.233123227769,-0.453799473785,1.12706454987
1.08519382276,-0.0376469342636,-3.26079231067,-2.20479103876
9.60689132578,0.00452058685995,0.347134586328,3.61275362007
6.12687000736,0.399072254193,-2.78956443341,0.341779238745
8.77501400412,0.311737918855,-3.29657752278,0.116532835771
6.28384107556,0.989319656366,-0.963191190061,2.86003880969
2.22010222816,-0.940849460458,-3.97381331003,-2.65533399823
4.02956155068,-0.151646316689,-4.35150062974,-2.05762045961
1.87539420565,-0.349631344016,3.52198225542,4.93558574629
3.56119855866,-0.464354203777,1.9088807507,3.90377335887
9.96105678286,0.0818219688334,3.82408075323,7.18111770594
3.06451749964,-0.612023772383,-3.61255556178,-1.83838717281
2.69432199908,0.78924553564,2.37036236316,5.08967942967
2.67281528043,0.593290361474,0.621410610604,3.11322662835
1.34378709831,-0.940079866317,-0.940877131916,-0.124181285132
7.41486533505,-0.278352208309,4.44546292145,7.27348196489
8.89896964967,-0.57582620237,-3.15213193804,-0.295294508357
6.95809884014,-0.112817812678,-0.681371025078,2.1833153112
5.28187672169,-0.447000003872,2.28089532286,4.67874346726
2.28581224493,-0.668574340131,2.72410990516,4.17995941417
8.51030278106,0.78801359303,3.26589424157,7.13386714892
2.67317935931,0.533281785354,2.48281841908,4.91330448131
9.66005124234,0.17546083367,-0.613627928195,2.7836961071
1.39633131152,0.399269479733,-4.44552737573,-2.79283913395
4.75848527043,0.665904293484,-3.34769365697,-0.201201827464
7.70774558666,-0.812710772579,-2.82810246891,-0.216565588318
5.10185439696,0.847847397962,-3.83393580077,-0.404518246847
8.62159339841,0.923923119352,3.30801224752,7.35954968707
3.75333447502,0.030016142388,-2.62369176752,-0.280023579367
3.69639502742,-0.0685603254015,-3.7797998255,-1.51885268164
2.67455192908,0.246105542301,-2.7865903247,-0.616807201771
4.02274987391,-0.0476991548914,-3.71870415851,-1.35926038478
8.63483346129,0.763636292204,2.02391446034,5.87748331266
7.83798907445,0.651409508196,0.838243677465,4.4679280003
6.35955225299,-0.824020456139,2.43689527879,4.85171885113
8.73302874509,-0.175759711279,-1.02178656271,2.0306268863
9.43324760362,-0.312263366154,4.21191656578,7.26153424856
3.97378212732,0.258692894442,0.185902996907,2.76201557546
7.19403514668,0.0205627541551,-3.64391025284,-0.656302948432
6.00302216772,0.688923619824,4.22345506493,7.62779841481
6.04150208286,0.431510943848,-0.513013234376,2.63428471829
8.59519660489,0.643997319701,4.84301533818,8.55687170826
9.34980929508,-0.45477428444,4.01044903329,6.97542929604
6.9467301082,-0.371166799286,0.36985786366,3.08128586712
4.9314414565,-0.256919534542,4.68053530545,7.11303955292
9.14296717035,-0.77446515738,2.9873012323,5.7848915125
8.03787235491,0.0316620360071,4.23823314367,7.34458660515
2.09892803212,-0.0508565611754,-0.646634339451,1.06015541462
1.26819688348,0.758873338081,-2.00455776115,-0.0747930241617
3.88785736262,-0.641263875708,0.636618955168,2.63562817564
2.03193830515,-0.315730869386,-2.24974401156,-0.737309981023
2.63388138554,0.0877097569247,0.193431003452,2.22457143497
7.96073233212,0.32412166561,-3.81730157222,-0.490878545253
4.75460261365,-0.236066837006,-0.951596407042,1.45657362368
1.35821563989,-0.648996943016,-2.91023410565,-1.96633874972
5.58370043386,-0.380258816804,0.303629817754,2.79178128128
6.06034733218,0.0337152807112,-1.85447801553,0.970933960196
8.28956173102,-0.0607144920796,-2.71708398944,0.356702274268
8.16854330439,0.625978345886,4.17396486578,7.81751247203
3.94446049773,-0.311905279754,4.64682305774,6.82471242626
3.45819091248,-0.490755537893,1.91376965103,3.86616755432
1.69770052153,-0.0957889659967,2.53862017037,4.00365524002
8.46917564807,-0.634132050274,-2.8146218349,-0.0338603200603
3.12527083071,-0.269787282688,-1.64141295304,0.327549825581
7.39312405156,-0.543221323389,-1.23440948439,1.4523778338
2.26931257077,-0.342511963235,4.67322259726,6.28136647084
7.88567721597,-0.537030180583,-1.55611190239,1.19812435976
5.53582227619,0.249004419543,-0.600018943336,2.29960791672
3.19825950324,0.0585881433133,-3.11379970915,-0.909746875198
8.77069538449,0.109866944888,0.771123486817,4.02166828869
9.32092036975,-0.0248159017918,-1.85941774889,1.35578964854
5.08331166265,0.345020374189,-1.01168309159,1.88444877983
5.49147545032,-0.969975821104,-2.81202868457,-0.598317094047
4.3377575763,-0.135806445514,1.29234036955,3.66985882131
6.43995091957,0.85371447199,-2.91210871301,0.757559966085
1.38344489105,0.497024082646,1.69399524984,3.42987133807
8.85816511146,0.915048735821,1.20224101266,5.26921342731
4.26497345537,0.154908810552,-0.784798997621,1.7789882031
9.47873224129,0.617065579696,-0.637875389261,3.14492756516
3.88526398526,0.622039696963,-1.7136799936,1.1825605056
8.09350383411,-0.608132357762,-0.340826153098,2.40628102771
4.38192718283,-0.587140152673,0.711891361477,2.85504112205
7.62127859772,-0.791617364902,2.6124432739,5.22108351443
6.46153345944,-0.0161807703954,-0.693555052356,2.16115862049
4.38810027885,-0.211942853746,-0.620716406673,1.72155374525
5.31209409042,0.611617380166,-4.5964783963,-1.39852104055
2.86136083468,0.638694905726,-3.98133104503,-1.37311361978
3.83104423264,0.385943590815,-0.448222883064,2.20162868911
1.17155456272,-0.508708575672,4.15263576002,5.0138186247
9.4572103213,0.0601906051883,-3.4307521036,-0.141371158205
3.81624232154,-0.255958097409,3.2881620066,5.46485906967
1.56911340814,-0.562478173807,-1.73235031173,-0.604701542413
1.40652375596,-0.827347564522,-4.89371004856,-3.98902439012
7.2639611737,0.867154256568,4.45580799154,8.26279464161
1.29021576323,0.914271288943,3.29840994996,5.43783631649
